,cell_line_name,tissue_name
19037,A-673,bone
21614,EW-8,bone
21746,TC-32,bone
23603,TC-71,bone
41522,SF-268,brain
47580,SF-295,brain
54827,SF-539,brain
60764,SNB-19,brain
66061,SNB-75,brain
71861,U251,brain
77810,T98G,brain
80358,SU-DIPG-XIII,brain
80448,DIPG25,brain
87417,JHH-136,brain
88115,JHH-520,brain
120249,KMSIIFGF,brain
120276,KMSIIHIGH4547,brain
120303,U3005MG,brain
120323,U3013MG,brain
120343,U3024MG,brain
120358,U3034MG,brain
120378,U3068MG,brain
120398,BT-549,breast
126580,EFM192B,breast
129001,HS 578T,breast
135329,KPL1,breast
138527,MCF7,breast
145196,MDA-MB-231,breast
151451,MDAMB436,breast
154386,MDA-MB-468,breast
161097,OCUBM,breast
163694,T-47D,breast
172560,ZR751,breast
178324,BT-20,breast
179545,BT-474,breast
181060,CAL-120,breast
181871,CAL-148,breast
183204,CAL-51,breast
184188,CAMA-1,breast
185722,DU4475,breast
186918,Evsa-T,breast
187898,HCC1143,breast
188537,HCC1187,breast
189653,HCC1395,breast
190775,HCC1419,breast
192116,HCC1428,breast
192953,HCC1500,breast
193967,HCC1569,breast
195062,HCC1806,breast
196095,HCC1937,breast
197162,HCC1954,breast
200258,HCC38,breast
200784,HCC70,breast
203362,KPL-4,breast
205357,MDA-MB-157,breast
206002,MDA-MB-175-VII,breast
207584,MDA-MB-361,breast
208688,MDA-MB-415,breast
209700,MDA-MB-453,breast
210228,MFM-223,breast
211399,SK-BR-3,breast
211841,SUM149PT,breast
212698,SUM52PE,breast
212781,SW527,breast
213511,UACC-812,breast
215048,4T1,breast
215075,HCC1428-LTED,breast
215215,ZR75-LTED,breast
215355,4T1FGF,breast
215382,CAL120FGF,breast
215409,MCF7F10016,breast
215982,MCF7F10016FGF,breast
216009,MCF7F1003,breast
216405,MCF7F1003FGF,breast
216432,MCF7NFGF,breast
216459,MCF7SHIODA,breast
216626,MCF7T52,breast
217022,MDAMB134V1,breast
217470,MDAMB134V1FGF,breast
217497,SUM52PEFGF,breast
217524,SUM52PEHIGH4547,breast
217551,ZR751FGF,breast
221749,KB-3-1,endometrium
221783,KB-ChR-8-5-11,endometrium
237950,CCRF-CEM,haematopoietic_and_lymphoid
243420,HL-60(TB),haematopoietic_and_lymphoid
248360,K-562,haematopoietic_and_lymphoid
254366,MOLT-4,haematopoietic_and_lymphoid
259723,RPMI-8226,haematopoietic_and_lymphoid
265551,SR,haematopoietic_and_lymphoid
271450,KBM-7,haematopoietic_and_lymphoid
311610,TMD8,haematopoietic_and_lymphoid
312791,HDLM-2,haematopoietic_and_lymphoid
313541,L-1236,haematopoietic_and_lymphoid
316359,L-428,haematopoietic_and_lymphoid
317260,U-HO1,haematopoietic_and_lymphoid
321489,ED-40515,haematopoietic_and_lymphoid
364065,KMS-11,haematopoietic_and_lymphoid
485859,786-0,kidney
491807,A498,kidney
499078,ACHN,kidney
505087,CAKI-1,kidney
511003,RXF 393,kidney
516430,SN12C,kidney
521906,TK-10,kidney
527465,UO-31,kidney
546039,VeroE6,kidney
546506,COLO 205,large_intestine
554010,COLO320DM,large_intestine
556426,DLD1,large_intestine
559219,HCC-2998,large_intestine
564577,HCT116,large_intestine
573092,HCT-15,large_intestine
579123,HT29,large_intestine
587672,KM12,large_intestine
593660,LOVO,large_intestine
596761,RKO,large_intestine
599982,SW-620,large_intestine
609991,SW837,large_intestine
618639,HCA7,large_intestine
622851,LS174T,large_intestine
625164,LS513,large_intestine
628199,NCI-H747,large_intestine
637279,SW403,large_intestine
638121,SW48,large_intestine
638980,SW948,large_intestine
639815,C32 [Human colon adenocarcinoma],large_intestine
639891,C75,large_intestine
639967,CC20 [Human colon adenocarcinoma],large_intestine
640018,NCI-H548,large_intestine
643666,Huh-7,liver
654530,A427,lung
657169,A549,lung
664051,EKVX,lung
669883,HOP-62,lung
675761,HOP-92,lung
681587,MSTO,lung
684607,NCIH1650,lung
687529,NCIH2122,lung
690648,NCI-H226,lung
696753,NCIH23,lung
705308,NCI-H322M,lung
710799,NCI-H460,lung
719556,NCIH520,lung
723163,NCI-H522,lung
729103,SKMES1,lung
734637,Calu-3,lung
735466,Calu-6,lung
741590,DMS 114,lung
769899,NCI-H1299,lung
775101,NCI-H1437,lung
776376,NCI-H1563,lung
783176,NCI-H1703,lung
786408,NCI-H1793,lung
792033,NCI-H1975,lung
796530,NCI-H2085,lung
800277,NCI-H2126,lung
801887,NCI-H2170,lung
804676,NCI-H2228,lung
806021,NCI-H2291,lung
809269,NCI-H3122,lung
809857,NCI-H322,lung
811173,NCI-H358,lung
820286,NCI-H838,lung
830158,SW900,lung
831536,Hx147,lung
831627,PC-9,lung
831718,DMS114FGF,lung
831745,NCIH1703FGF,lung
831772,NCIH520FGF,lung
831799,967 WT,malaria
831939,DuckCelt-T17,malaria
832079,Mak,malaria
832294,3D7,malaria
837608,HB3,malaria
843189,DD2,malaria
868030,A2780,ovary
871070,CAOV3,ovary
874080,ES2,ovary
877305,IGROV1,ovary
883664,NCI/ADR-RES,ovary
888986,OV90,ovary
892098,OVCAR3,ovary
899832,OVCAR-4,ovary
905866,OVCAR-5,ovary
911926,OVCAR-8,ovary
917971,PA1,ovary
920588,SK-OV-3,ovary
928993,UWB1289,ovary
931501,UWB1289+BRCA1,ovary
955923,PANC-1,pancreas
989772,DU-145,prostate
997648,LNCAP,prostate
999990,PC-3,prostate
1006014,VCAP,prostate
1009779,22Rv1,prostate
1011056,LNCaP-AI,prostate
1011069,PC346Flu1,prostate
1011075,PC346FLU1AM,prostate
1011089,PTENLNCAP,prostate
1011119,PTENLNCAPAI,prostate
1011134,PTENPC346FLU1,prostate
1011164,PTENVCAP,prostate
1012548,A2058,skin
1021097,A375,skin
1029484,HT144,skin
1032546,LOX IMVI,skin
1044078,M14,skin
1049509,MALME-3M,skin
1055008,MDA-MB-435,skin
1060670,RPMI7951,skin
1069024,SK-MEL-2,skin
1078587,SK-MEL-28,skin
1089915,SKMEL30,skin
1098322,SK-MEL-5,skin
1109287,UACC-257,skin
1120476,UACC62,skin
1135687,451Lu,skin
1142690,A101D,skin
1149597,Calu-1,skin
1151191,COLO 741,skin
1152107,COLO 792,skin
1158529,COLO 800,skin
1165005,COLO 829,skin
1172240,G-361,skin
1186215,IPC-298,skin
1191631,IST-MEL1,skin
1198322,LB2518-MEL,skin
1205152,Mel Ho,skin
1212111,MeWo,skin
1217741,MMAc-SF,skin
1218019,MZ-MEL-2,skin
1223816,MZ-MEL-7,skin
1224563,RVH-421,skin
1234539,WM115,skin
1243716,501-mel,skin
1249175,WM1716,skin
1254953,WM3619,skin
1260731,WT2-iPS,skin
1266296,WM3526,skin
1272074,WM1745,skin
1277852,CBRC014,skin
1283630,CBRC017,skin
1289408,CBRC016,skin
1295186,CBRC013,skin
1303811,CBRC008,skin
1309589,CBRC034,skin
1315367,CBRC002,skin
1318052,CBRC007,skin
1320790,CBRC026,skin
1323639,CBRC029,skin
1326482,CBRC042,skin
1329332,CBRC043,skin
1332095,CBRC050,skin
1334945,CBRC056,skin
1337795,CBRC058,skin
1340639,COLO 858,skin
1340955,RD,soft_tissue
1341702,Rh36,soft_tissue
1341834,SMS-CTR,soft_tissue
1357324,DDLS8817,soft_tissue
1358776,AGS,stomach
1366412,KATO III,stomach
1376464,SNU-16,stomach
1380001,KATOIIIFGF,stomach
1380028,KATOIIIHIGH4547,stomach
1380055,SNU16FGF,stomach
1380082,SNU16HIGH4547,stomach
1416367,647V,urinary_tract
1417604,BFTC-905,urinary_tract
1419367,HT-1197,urinary_tract
1420266,HT-1376,urinary_tract
1421122,J82,urinary_tract
1421806,JMSU-1,urinary_tract
1423014,KU-19-19,urinary_tract
1424123,RT-112,urinary_tract
1425068,RT-4,urinary_tract
1426656,SW780,urinary_tract
1427550,T24,urinary_tract
1428428,TCCSUP,urinary_tract
1430238,UM-UC-3,urinary_tract
1431078,VM-CUB-1,urinary_tract
1431273,MGH-U3,urinary_tract
1431498,JMSU1FGF,urinary_tract
1431525,MGHU3FGF,urinary_tract
1431552,RT112FGF,urinary_tract
1431579,RT4FGF,urinary_tract
1431606,SW780FGF,urinary_tract
